软件工程师,job_id,job_count,job_name,tier2
0,0,429085,nan,
1,1743,178715,销售代表,
2,952,60641,无,
3,960,54484,普工,
4,261,46957,其他,
5,968,42505,服务员,
6,741,40388,店员/营业员,
7,1284,38039,电话销售,
8,607,30492,客服专员/助理,
9,1752,27988,销售经理,
10,190,24821,保安,
11,932,24799,文员,
12,1520,24260,行政专员/助理,
13,1753,21913,销售经理/主管,
14,916,20783,教师/助教,
15,314,19659,前台/总机/接待,
16,160,17671,会计/会计师,
17,905,17146,收银员,
18,1651,17113,软件工程师,
19,1665,15724,送餐员,
20,814,15176,房产经纪人,
21,180,14823,促销/导购员,
22,1442,13876,美容师,
23,1745,13559,销售助理,
24,1609,13496,货运司机,
25,963,13300,普工/操作工,
26,710,12774,平面设计,
27,1426,12161,网络销售,
28,1412,11788,网络/在线客服,
29,131,11749,仓库管理员,
30,1741,11492,销售主管,
31,116,11246,人事专员/助理,
32,1103,11184,淘宝客服,
33,1748,10289,销售总监,
34,1413,10159,网络/在线销售,
35,1429,9970,置业顾问,
36,889,9775,招聘专员/助理,
37,464,9663,商务司机,
38,788,9474,快递员,
39,193,9000,保洁,
40,540,8982,大客户销售,
41,1747,8942,销售工程师,
42,428,8485,后厨,
43,159,8468,会计,
44,684,8450,市场专员/助理,
45,329,8361,助理/秘书/文员,
46,405,8346,厨师/厨师长,
47,902,8297,操作工,
48,1282,8061,电话客服,
49,746,8016,店长/卖场经理,
50,1614,7684,质量检验员/测试员,
51,374,7545,医药代表,
52,589,7393,客户代表,
53,888,7388,招生/课程顾问,
54,455,7376,售前/售后技术支持工程师,
55,596,7221,客户服务专员/助理,
56,715,7039,幼教/早教,
57,1064,6880,汽车销售,
58,1268,6841,电工,
59,1167,6681,物流专员/助理,
60,501,6635,培训/招生/课程顾问,
61,289,6617,出纳员,
62,1854,6534,高级软件工程师,
63,125,6510,人力资源专员/助理,
64,115,6444,人事专员,
65,265,6345,其他职位,
66,1594,6298,财务/会计助理,
67,1111,6250,渠道/分销专员,
68,412,6241,发型师,
69,235,6178,储备干部,
70,563,6057,学徒,
71,1401,6033,网店运营,
72,576,5957,实习生,
73,940,5804,新媒体运营,
74,1624,5749,贸易/外贸专员/助理,
75,458,5729,售前/售后服务,
76,828,5545,房地产销售,
77,680,5494,市场/营销/拓展专员,
78,1039,5436,汽车修理工,
79,601,5351,客户经理/主管,
80,714,5259,幼教,
81,1432,5229,美发助理/学徒,
82,819,5177,房地产中介/置业顾问,
83,1233,5000,生物工程/生物制药,
84,1531,4998,装修装潢设计,
85,638,4946,小学教师,
86,1104,4934,淘宝美工,
87,871,4826,护士/护理,
88,742,4821,店员/营业员/导购员,
89,357,4717,区域销售经理/主管,
90,829,4628,房地产销售/置业顾问,
91,1683,4624,配菜/打荷,
92,1360,4606,经理助理/秘书,
93,1696,4521,采购员,
94,426,4497,后勤,
95,799,4395,总裁助理/总经理助理,
96,1638,4376,足疗师,
97,667,4349,工程造价/预结算,
98,356,4316,区域销售经理,
99,711,4312,平面设计师,
100,50,4269,专业顾问,
101,317,4263,前台接待/总机/接待生,
102,68,4261,中学教师,
103,1455,4257,美甲师,
104,294,4201,切割/焊工,
105,353,4197,区域销售,
106,508,4192,培训师/讲师,
107,534,4180,大堂经理/领班,
108,502,4163,培训/课程顾问,
109,527,4149,外贸专员/助理,
110,934,4125,文案/策划,
111,1525,4118,行政经理/主管/办公室主任,
112,989,4003,机械工程师,
113,541,3998,大客户销售代表,
114,1057,3973,汽车美容,
115,4,3939,CAD设计/制图,
116,1605,3930,财务经理,
117,864,3912,投资/理财顾问,
118,1087,3895,洗碗工,
119,1532,3795,装卸/搬运工,
120,468,3720,团购业务员,
121,525,3689,外贸/贸易专员/助理,
122,1786,3669,音乐/美术教师,
123,288,3622,出纳,
124,360,3594,医生,
125,614,3564,室内装潢设计,
126,1828,3564,餐饮管理,
127,292,3539,分拣员,
128,855,3514,技术支持/维护工程师,
129,1640,3470,车工/铣工,
130,1652,3450,软件测试,
131,914,3426,教学/教务管理人员,
132,893,3409,按摩师,
133,849,3398,技工,
134,233,3384,健身教练,
135,438,3368,咨询热线/呼叫中心服务人员,
136,1693,3309,采购专员/助理,
137,1801,3304,项目经理/项目主管,
138,57,3241,业务拓展专员/助理,
139,1632,3239,资料员,
140,901,3214,摄影师/摄像师,
141,304,3186,初中教师,
142,26,3165,IT技术支持/维护工程师,
143,890,3157,招聘经理/主管,
144,1782,3118,面点师,
145,1381,3116,综合维修工,
146,1578,3115,证券/期货/外汇经纪人,
147,1439,3108,美容助理/学徒,
148,524,3092,外语教师,
149,564,3091,学徒工,
150,745,3091,店长/卖场管理,
151,1408,3078,网站运营专员,
152,315,3039,前台/接待,
153,1708,3020,金融产品销售,
154,550,3019,娱乐厅服务员,
155,617,2989,家具/家居用品设计,
156,188,2935,保姆,
157,615,2932,室内设计,
158,1603,2917,财务助理/文员,
159,36,2820,Java开发工程师,
160,1755,2757,销售行政专员/助理,
161,165,2740,传菜员,
162,53,2737,专车司机,
163,130,2720,仓库/物料管理员,
164,58,2690,业务拓展主管/经理,
165,602,2686,客房服务员,
166,1470,2667,舞蹈老师,
167,944,2663,施工员,
168,202,2656,保险内勤,
169,237,2654,储备经理人,
170,854,2653,技术支持/维护,
171,683,2646,市场/营销/拓展经理,
172,600,2643,客户经理,
173,1156,2627,物业经理/主管,
174,119,2599,人事助理,
175,962,2598,普工/技工其他,
176,1844,2548,高中教师,
177,1358,2543,组装工,
178,593,2543,客户咨询热线/呼叫中心人员,
179,419,2496,合伙人,
180,158,2477,会籍顾问,
181,1260,2461,电子商务专员,
182,392,2455,卖场经理/店长,
183,1491,2450,英语翻译,
184,45,2445,WEB前端开发,
185,1655,2441,迎宾/接待,
186,1311,2425,硬件工程师,
187,1092,2421,活动策划,
188,872,2414,护士/护理人员,
189,1809,2397,风险管理/控制,
190,1417,2386,网络推广,
191,271,2341,兼职,
192,1754,2304,销售行政专员,
193,38,2299,SEO/SEM,
194,1392,2287,网店/淘宝运营,
195,117,2282,人事主管,
196,122,2247,人事经理/主管,
197,59,2246,业务拓展经理/主管,
198,663,2244,工程监理,
199,513,2244,培训讲师,
200,985,2222,机动车司机/驾驶,
201,1428,2211,网页设计/制作/美工,
202,765,2199,建筑设计师,
203,331,2198,包装工,
204,354,2183,区域销售专员/助理,
205,1441,2181,美容导师,
206,913,2156,教学/教务管理,
207,1418,2151,网络推广专员,
208,132,2144,仓库经理/主管,
209,1695,2141,采购助理,
210,275,2139,内勤人员,
211,1740,2124,销售业务跟单,
212,461,2120,商务专员/助理,
213,1208,2113,理货员/陈列员,
214,999,2099,杂工,
215,463,2098,商务助理,
216,355,2084,区域销售总监,
217,126,2083,人力资源主管,
218,739,2081,广告设计,
219,1756,2066,销售行政助理,
220,1157,2059,物业维修,
221,1673,2058,造价师/预算师,
222,129,2047,人力资源经理,
223,1115,2045,渠道/分销经理/主管,
224,1090,2043,洗车工,
225,1037,2027,汽车/摩托车修理,
226,1390,2024,网店/淘宝客服,
227,121,2016,人事经理,
228,1336,2010,签约艺人,
229,1619,2009,质量管理/测试工程师(QA/QC工程师),
230,335,1994,化妆师,
231,1116,1985,渠道专员,
232,699,1982,市场营销,
233,1444,1975,美容店长,
234,1316,1972,礼仪/迎宾,
235,523,1971,外语培训师,
236,488,1962,土木/土建/结构工程师,
237,1602,1948,财务助理,
238,48,1932,三维/3D设计/制作,
239,763,1922,建筑施工现场管理,
240,1368,1910,给排水/暖通/空调工程,
241,1463,1909,育婴师/保育员,
242,859,1880,技术研发工程师,
243,108,1878,产品经理/主管,
244,1685,1866,酒吧服务员,
245,1273,1863,电气工程师/技术员,
246,761,1861,建筑工程管理/项目经理,
247,1124,1857,游戏设计/开发,
248,1407,1840,网站运营,
249,1371,1819,统计员,
250,1800,1817,项目经理/主管,
251,1598,1799,财务主管/总账主管,
252,936,1779,文档/资料管理,
253,818,1776,房地产中介/交易,
254,1152,1774,物业管理专员/助理,
255,612,1774,客服经理/主管,
256,512,1763,培训经理/主管,
257,1264,1762,电子工程师/技术员,
258,1769,1755,院校教务管理人员,
259,935,1755,文案策划,
260,668,1751,工程造价师/预结算经理,
261,224,1739,信用卡/银行卡业务,
262,747,1731,店长/经理,
263,1151,1727,物业管理/商业中心,
264,46,1721,Web前端开发,
265,1653,1721,软件研发工程师,
266,998,1704,机电工程师,
267,758,1695,建筑工程师,
268,697,1688,市场经理,
269,1389,1685,缝纫工,
270,225,1674,信用卡销售,
271,102,1673,产品工艺/制程工程师,
272,1667,1665,通信技术工程师,
273,91,1665,互联网软件开发工程师,
274,1597,1663,财务主管/总帐主管,
275,1422,1657,网络管理员,
276,1180,1644,猎头顾问/助理,
277,1261,1642,电子商务专员/助理,
278,1222,1612,生产经理/车间主任,
279,1263,1602,电子商务经理/主管,
280,1272,1600,电气工程师,
281,427,1597,后勤人员,
282,456,1591,售前/售后技术支持管理,
283,1625,1582,贸易/外贸经理/主管,
284,863,1581,投资/理财服务,
285,429,1577,后期制作,
286,459,1572,售后服务/客户服务,
287,161,1565,会计助理/文员,
288,1424,1565,网络运营专员/助理,
289,1406,1565,网站编辑,
290,681,1555,市场/营销/拓展主管,
291,1827,1540,餐饮服务员,
292,431,1535,呼叫中心客服,
293,434,1532,咨询|法律|教育|翻译,
294,384,1532,医药销售经理/主管,
295,698,1532,市场经理/总监,
296,1339,1531,算法工程师,
297,349,1527,化验/检验,
298,538,1524,大客户管理,
299,1604,1512,财务总监,
300,636,1509,导购员,
301,1114,1501,渠道/分销经理,
302,1805,1497,预结算员,
303,1799,1496,项目经理,
304,76,1494,主持人,
305,1499,1492,药品生产/质量管理,
306,700,1477,市场营销专员/助理,
307,1707,1476,金融产品经理,
308,1384,1461,编辑,
309,12,1454,ERP实施顾问,
310,690,1444,市场助理,
311,584,1439,审计专员/助理,
312,471,1437,园林/景观设计,
313,812,1436,房产店长/经理,
314,1808,1434,风险控制,
315,509,1434,培训生,
316,983,1430,木工,
317,1524,1424,行政经理/主管,
318,1224,1405,生产计划/物料管理(PMC),
319,191,1388,保安人员,
320,376,1386,医药学术推广,
321,1364,1384,结构/土木/土建工程师,
322,1461,1383,股票/期货操盘手,
323,682,1377,市场/营销/拓展总监,
324,1737,1370,铸造/注塑/模具工,
325,1568,1369,讲师/助教,
326,60,1364,业务跟单,
327,1849,1364,高级建筑工程师/总工,
328,1257,1357,电子/电气工程师,
329,832,1356,房地产销售经理/主管,
330,737,1354,广告文案策划,
331,1719,1348,钳工,
332,1218,1347,生产文员,
333,1365,1337,结构工程师,
334,287,1337,出租车司机,
335,1724,1335,铲车/叉车工,
336,664,1331,工程监理/质量管理,
337,1008,1327,校长,
338,1660,1327,运营主管/专员,
339,1608,1326,货运代理,
340,958,1318,日语翻译,
341,1216,1310,生产主管/组长,
342,187,1309,保健按摩其他,
343,535,1307,大学/大专应届毕业生,
344,443,1302,咨询顾问/咨询员,
345,432,1302,咖啡师,
346,1606,1301,财务经理/主管,
347,666,1300,工程资料管理,
348,686,1285,市场企划专员,
349,994,1278,机械维修/保养,
350,669,1276,工程项目管理,
351,1492,1276,茶艺师,
352,1792,1269,项目专员/助理,
353,1416,1266,网络工程师,
354,107,1255,产品经理,
355,1701,1249,采购经理/主管,
356,462,1239,商务主管/专员,
357,1822,1233,餐厅服务员,
358,1691,1229,酒店管理,
359,1400,1228,网店美工,
360,1435,1226,美容/瘦身顾问,
361,1369,1218,给排水/暖通工程,
362,692,1218,市场拓展,
363,369,1217,医疗器械销售,
364,1549,1216,视频主播,
365,1094,1209,测绘/测量,
366,977,1203,服装/纺织设计,
367,1832,1199,首席执行官CEO/总裁/总经理,
368,1155,1196,物业管理经理,
369,1203,1195,理疗师,
370,378,1189,医药技术研发人员,
371,1345,1189,系统工程师,
372,1065,1188,汽车销售/经纪人,
373,1009,1186,校长/副校长,
374,1347,1180,系统架构设计师,
375,736,1177,广告文案,
376,1375,1175,维修工程师,
377,503,1173,培训专员/助理,
378,404,1165,厨工,
379,794,1159,总监/部门经理,
380,585,1157,审计经理/主管,
381,1071,1154,油漆工,
382,1618,1151,质量管理/测试工程师,
383,87,1149,互联网产品经理/主管,
384,391,1138,单证员,
385,1718,1130,钣金工,
386,6,1130,CNC/数控工程师,
387,1204,1129,理科教师,
388,162,1128,会计经理/主管,
389,1172,1127,物流经理/主管,
390,1744,1124,销售其他,
391,970,1118,服装/纺织/皮革跟单,
392,273,1115,兼职教师,
393,1798,1110,项目管理,
394,98,1102,产品/品牌经理,
395,885,1095,招商经理,
396,694,1095,市场策划,
397,1214,1095,生产主管,
398,1265,1084,电子技术研发工程师,
399,886,1082,招商经理/主管,
400,1425,1074,网络运营管理,
401,1460,1047,职业技术教师,
402,658,1045,工程/设备工程师,
403,328,1038,动画/3D设计,
404,685,1037,市场主管,
405,200,1033,保险代理/经纪人/客户经理,
406,567,1033,安全员,
407,933,1030,文字编辑/组稿,
408,321,1029,副总裁/副总经理,
409,1177,1028,特种车司机,
410,473,1027,园艺/园林/景观设计,
411,69,1023,中餐厨师,
412,1097,1015,测试工程师,
413,650,1013,工业/产品设计,
414,435,1004,咨询员,
415,370,1004,医疗器械销售代表,
416,687,1004,市场企划经理/主管,
417,670,1003,工艺/制程工程师,
418,696,1003,市场策划/企划经理/主管,
419,1825,1002,餐饮其他,
420,99,1002,产品专员,
421,1297,997,知识产权/专利/商标,
422,1542,995,西点师,
423,1386,990,编辑/撰稿,
424,526,988,外贸/贸易经理/主管,
425,1617,988,质量管理/测试主管(QA/QC主管),
426,608,981,客服主管,
427,1278,978,电脑操作/打字/录入员,
428,1102,977,淘宝其他,
429,1615,976,质量管理,
430,1411,976,网站运营经理/主管,
431,1019,973,模具工程师,
432,1237,967,用户界面（UI）设计,
433,834,966,房地产项目/策划经理,
434,1320,963,科研人员,
435,1466,961,自动化工程师,
436,966,957,月嫂,
437,1714,956,针灸推拿,
438,220,954,信息技术专员,
439,1561,950,订单处理员,
440,883,943,招商专员,
441,921,942,数据库工程师/管理员,
442,1430,941,美体师,
443,306,939,制作执行,
444,838,938,房地产项目策划经理/主管,
445,1285,935,电路工程师/技术员,
446,793,934,总监,
447,1759,932,销售运营专员/助理,
448,1207,930,理货员,
449,1205,928,理财顾问/财务规划师,
450,984,927,机修工,
451,1075,925,法务主管/专员,
452,1091,925,活动执行,
453,1241,921,电力工程师/技术员,
454,465,920,商务经理,
455,831,916,房地产销售经理,
456,542,916,大客户销售经理,
457,1223,914,生产计划,
458,1117,910,渠道经理/总监,
459,380,907,医药招商,
460,1153,901,物业管理主管,
461,642,898,展览/展示/店面设计,
462,1661,898,运营总监,
463,1056,896,汽车维修/保养,
464,346,895,化工技术应用/化工工程师,
465,1145,888,物业招商/租赁/租售,
466,1028,887,水处理工程师,
467,981,886,服装设计师,
468,691,884,市场总监,
469,1128,884,演员/模特,
470,403,883,原画师,
471,599,882,客户服务经理,
472,1700,877,采购经理,
473,1326,876,税务专员/助理,
474,569,876,安全消防,
475,597,875,客户服务主管,
476,1694,874,采购主管,
477,1810,873,风险管理/控制/稽查,
478,168,871,体育老师/教练,
479,1749,864,销售支持,
480,702,863,市场营销经理,
481,1493,862,药剂师,
482,1628,862,贸易跟单,
483,693,857,市场文案策划,
484,1823,855,餐厅领班,
485,997,854,机械设计师,
486,1620,854,质量管理/测试经理,
487,1113,853,渠道/分销总监,
488,951,849,旅游顾问,
489,290,849,分公司/代表处负责人,
490,1206,847,理货/分拣/打包,
491,1506,841,营运经理,
492,852,836,技术工程师,
493,648,836,嵌入式软件开发(Linux/单片机/PLC/DSP…),
494,964,833,智能大厦/布线/弱电/安防,
495,1298,830,知识产权/专利顾问/代理人,
496,833,829,房地产项目/策划主管/专员,
497,1621,825,质量管理/测试经理(QA/QC经理),
498,1646,824,车险专员,
499,163,822,会计经理/会计主管,
500,1395,821,网店店长,
501,1073,821,法务专员/助理,
502,345,821,化工实验室研究员/技术员,
503,529,819,多媒体/动画设计,
504,206,815,保险客户经理,
505,214,814,保险经纪人/保险代理,
506,708,811,市政工程师,
507,466,811,商务经理/主管,
508,1230,809,生产领班/组长,
509,96,806,产品/品牌专员,
510,1513,806,融资专员,
511,3,796,Android开发工程师,
512,647,795,嵌入式软件开发,
513,181,795,促销主管/督导,
514,772,795,影视/后期制作,
515,1270,792,电梯工,
516,1452,787,美术教师,
517,197,786,保险业务经理/主管,
518,1044,784,汽车售后服务/客户服务,
519,44,783,VIP专员,
520,639,779,小学老师,
521,922,779,数据库开发工程师,
522,1112,776,渠道/分销主管,
523,948,774,旅游产品销售,
524,1679,767,部门/事业部管理,
525,695,764,市场策划/企划专员/助理,
526,651,760,工业工程师,
527,1363,758,经销商,
528,55,757,业务分析专员/助理,
529,120,754,人事总监,
530,504,752,培训专员/助理/培训师,
531,755,751,建筑安装施工员,
532,444,748,品牌/连锁招商管理,
533,1215,748,生产主管/督导/组长,
534,1563,746,认证/体系工程师/审核员,
535,1472,745,船务/空运陆运操作,
536,1315,743,磨工/冲压工,
537,779,741,律师/法律顾问,
538,570,739,安全管理,
539,780,738,律师助理,
540,611,737,客服经理,
541,820,735,房地产内勤,
542,1178,735,猎头/人才中介,
543,1772,730,集成电路IC设计/应用工程师,
544,227,727,信贷管理/资信评估,
545,1,727,4S店管理,
546,1295,726,督导,
547,383,724,医药销售人员,
548,173,721,供应商开发,
549,1579,719,证券分析/金融研究,
550,1421,714,网络管理(Helpdesk),
551,1778,713,需求工程师,
552,1351,711,系统集成工程师,
553,1259,706,电子商务,
554,37,704,PHP开发工程师,
555,689,702,市场分析/调研人员,
556,549,701,娱乐休闲其他,
557,816,700,房产项目配套工程师,
558,764,699,建筑机电工程师,
559,442,697,咨询顾问,
560,128,694,人力资源总监,
561,307,693,制冷/水暖工,
562,1391,692,网店/淘宝店长,
563,1851,692,高级硬件工程师,
564,1366,690,绘画,
565,1758,687,销售行政经理/主管,
566,74,685,临床研究员,
567,1688,684,酒店其他,
568,1184,675,环保工程师,
569,510,674,培训督导,
570,1686,674,酒店/宾馆经理,
571,1456,672,美编/美术设计,
572,320,671,副总经理/副总裁,
573,1716,671,钟点工,
574,965,670,智能大厦/综合布线/安防/弱电,
575,1588,669,调度员,
576,507,669,培训助理/助教,
577,211,667,保险电销,
578,333,667,包装设计,
579,1641,665,车床/磨床/铣床/冲床工,
580,789,660,快递员/速递员,
581,805,660,成本管理员,
582,900,659,搬运工,
583,1666,655,选址拓展/新店开发,
584,1325,654,程序员,
585,1186,653,环保技术工程师,
586,457,652,售前/售后技术支持经理,
587,1505,652,营运主管,
588,625,652,家教,
589,506,650,培训助理,
590,1540,646,裱花师,
591,1427,646,网页设计/制作,
592,1765,646,防损员/内保,
593,330,645,助理业务跟单,
594,226,644,信贷管理,
595,839,641,房地产项目管理,
596,1078,639,法务经理/主管,
597,390,637,半导体技术,
598,656,634,工程/机械绘图员,
599,1664,633,送水工,
600,396,631,印刷操作,
601,757,625,建筑工程安全管理,
602,539,623,大客户经理,
603,1746,622,销售培训师/讲师,
604,1677,622,道路/桥梁/隧道工程技术,
605,760,620,建筑工程测绘/测量,
606,1720,619,钳工/机修工/钣金工,
607,1787,618,音乐教师,
608,775,616,影视策划/制作人员,
609,609,616,客服其他,
610,587,614,客户主管,
611,1843,610,验光师,
612,166,610,体系工程师,
613,1704,606,金融/经济研究员,
614,406,603,厨师/面点师,
615,1454,602,美术编辑/美术设计,
616,222,602,信息技术经理/主管,
617,836,601,房地产项目招投标,
618,78,599,主播/主持人,
619,35,599,IT项目经理/主管,
620,1277,598,电焊工/铆焊工,
621,1144,597,牙科医生,
622,70,596,临床协调员,
623,735,596,广告客户经理,
624,928,595,数控操机,
625,1576,595,证券/投资客户经理,
626,1086,595,洗头工,
627,1158,593,物业维修员,
628,1760,592,销售运营经理/主管,
629,1420,591,网络推广经理/主管,
630,860,588,技术研发经理/主管,
631,919,587,教育培训其他,
632,278,585,内科医生,
633,205,584,保险客户服务/续期管理,
634,312,584,前厅部员工,
635,1414,583,网络与信息安全工程师,
636,856,583,技术支持/维护经理,
637,530,582,多媒体/游戏开发工程师,
638,1547,581,视觉设计,
639,1616,581,质量管理/测试主管,
640,1689,580,酒店前台,
641,228,579,信贷管理/资信评估/分析,
642,365,578,医疗器械研发,
643,1060,577,汽车设计工程师,
644,896,575,排版设计/制作,
645,1054,569,汽车电子工程师,
646,210,569,保险理赔,
647,752,569,建筑其他,
648,1636,567,超市/零售其他,
649,1796,567,项目执行/协调人员,
650,379,565,医药技术研发管理人员,
651,557,565,媒介专员/助理,
652,917,564,教育产品开发,
653,1657,563,运动健身其他,
654,1504,561,营养师,
655,1797,560,项目招投标,
656,979,559,服装打样/制版,
657,571,559,安全管理/安全员,
658,1848,553,高级客户经理/客户经理,
659,613,552,客运司机,
660,1005,550,染工,
661,1250,550,电子/电器维修,
662,1348,548,系统测试,
663,1367,548,给排水/制冷/暖通,
664,460,546,商务专员,
665,110,546,产品运营,
666,182,546,促销员,
667,591,544,客户关系管理,
668,874,543,护理主任/护士长,
669,1140,543,焊工,
670,311,542,前厅接待/礼仪/迎宾,
671,938,539,文科教师,
672,67,533,中医科医生,
673,445,532,品牌专员/助理,
674,1806,532,预订员,
675,1382,531,综合门诊/全科医生,
676,1380,531,综合布线/弱电,
677,1645,531,车间主任,
678,1559,531,计调,
679,543,531,大数据开发/分析,
680,1622,530,质量管理/验货员(QA/QC),
681,1600,528,财务分析员,
682,269,527,养殖人员,
683,851,526,技术专员/助理,
684,1546,526,规划与设计,
685,804,525,成本会计,
686,1795,523,项目总监,
687,1448,522,美容顾问,
688,1794,521,项目工程师,
689,364,520,医疗器械生产/质量管理,
690,993,520,机械结构工程师,
691,862,520,投资/基金项目经理,
692,592,520,客户关系经理/主管,
693,853,519,技术总监/经理,
694,1393,518,网店客服,
695,1447,518,美容美发其他,
696,1187,517,环保检测,
697,196,516,保险业务管理,
698,43,516,UI设计师/顾问,
699,486,515,图书管理员/资料管理员,
700,995,513,机械设备工程师,
701,1018,513,模具工,
702,1016,511,楼面管理,
703,1171,510,物流经理,
704,1209,508,理赔专员/顾问,
705,674,508,工艺工程师,
706,83,508,二手车评估师,
707,1750,508,销售数据分析,
708,635,507,导演/编导,
709,407,506,厨师助理/学徒,
710,339,504,化学分析测试员,
711,582,503,宠物美容/护理,
712,722,500,广告创意/设计师,
713,439,500,咨询经理,
714,835,496,房地产项目开发报建,
715,528,493,外贸经理/主管,
716,1818,491,食品/饮料研发,
717,1518,487,融资经理/融资主管,
718,837,487,房地产项目策划专员/助理,
719,52,487,专科医生,
720,748,486,店面/展览/展示/陈列设计,
721,146,485,企业秘书/董事会秘书,
722,1467,482,自动控制工程师/技术员,
723,157,480,会展策划/设计,
724,1279,479,电脑操作员/打字员,
725,183,478,促销员/导购,
726,1189,478,环境/健康/安全工程师（EHS）,
727,1010,478,样衣工,
728,371,475,医疗器械销售经理/主管,
729,82,474,买手,
730,450,474,品类管理,
731,842,471,手机维修,
732,766,471,建筑设计师/制图师,
733,86,470,互联网产品专员/助理,
734,976,469,服装/纺织品设计,
735,1154,468,物业管理其他,
736,713,467,平面设计经理/主管,
737,489,462,土木/土建工程师,
738,493,462,地勤人员,
739,27,459,IT技术支持/维护经理,
740,64,458,个人业务客户经理,
741,777,457,律师,
742,234,456,健身顾问/教练,
743,1821,455,食品加工/处理,
744,254,450,公关经理/主管,
745,361,448,医疗器械市场推广,
746,277,447,内容运营,
747,583,446,审核员,
748,1296,445,督导/巡店,
749,652,445,工业设计,
750,20,442,IOS开发工程师,
751,1449,442,美容顾问(BA),
752,61,442,业务跟单经理,
753,1584,441,语音/视频/图形,
754,213,441,保险经纪人,
755,454,441,售前/售后技术支持主管,
756,841,439,手机应用开发工程师,
757,1202,438,班车司机,
758,217,437,保险顾问,
759,1570,436,设备管理维护,
760,1500,435,药品研发,
761,1607,435,财务顾问,
762,1330,431,空调/热能工程师,
763,701,431,市场营销主管,
764,654,431,工厂经理/厂长,
765,857,430,技术文员/助理,
766,440,427,咨询经理/主管,
767,1445,425,美容整形师,
768,821,425,房地产客服,
769,1650,424,软件UI设计师/工程师,
770,145,423,企业文化/员工关系/工会管理,
771,1361,422,经纪人/星探,
772,920,421,数据分析师,
773,203,418,保险培训师,
774,1047,416,汽车定损/车险理赔,
775,1136,416,烧烤师,
776,373,414,医疗管理人员,
777,759,412,建筑工程师/总工,
778,1000,411,材料工程师,
779,631,410,导医,
780,1443,409,美容师/美甲师,
781,743,408,店铺推广,
782,1168,407,物流主管,
783,250,407,公关专员/助理,
784,1402,406,网站推广,
785,1510,406,薪酬/绩效/员工关系,
786,1248,406,电子/电器工程师,
787,826,405,房地产评估,
788,590,403,客户关系/投诉协调人员,
789,843,402,手机软件开发工程师,
790,359,401,医学影像/放射科医师,
791,104,401,产品总监,
792,830,399,房地产销售主管,
793,1210,398,瑜伽教练,
794,147,398,企业策划,
795,1217,396,生产总监,
796,1131,396,激光/光电子技术,
797,811,394,房产店员/助理,
798,1227,394,生产运营管理,
799,95,389,产品/包装设计,
800,813,389,房产开发/策划,
801,1077,389,法务经理,
802,1123,387,游戏策划师,
803,1312,387,硬件测试,
804,1569,387,设备主管,
805,1122,386,游戏策划,
806,988,383,机械制图员,
807,1538,383,装配技师,
808,1523,382,行政总监,
809,873,382,护工,
810,389,381,医院管理人员,
811,709,380,幕墙工程师,
812,1440,380,美容培训师/导师,
813,744,380,店铺文案编辑,
814,149,379,企划经理/主管,
815,1119,378,游戏测试,
816,283,377,农艺师/花艺师,
817,1026,377,水利/水电工程师,
818,1095,377,测试/可靠性工程师,
819,867,376,投资银行业务,
820,174,376,供应商管理,
821,123,375,人事行政其他,
822,1649,374,轮胎工,
823,282,373,农艺师,
824,980,371,服装设计,
825,499,371,城市规划与设计,
826,975,371,服装/纺织品/皮革销售,
827,1409,370,网站运营总监,
828,1221,369,生产管理,
829,547,369,奢侈品业务,
830,555,368,婚礼策划师,
831,9,368,C语言开发工程师,
832,754,367,建筑制图/模型/渲染,
833,1059,366,汽车装饰美容,
834,1252,366,电子/电器维修工程师/技师,
835,865,365,投资经理,
836,556,364,媒介专员,
837,1161,362,物料主管/专员,
838,572,362,安检员,
839,436,362,咨询师,
840,448,361,品牌经理,
841,218,360,保险顾问/财务规划师,
842,1502,359,药房管理/药剂师,
843,727,359,广告制作执行,
844,653,359,工厂厂长/副厂长,
845,1125,358,游泳教练,
846,100,358,产品专员/助理,
847,753,355,建筑制图,
848,56,353,业务分析经理/主管,
849,990,351,机械工艺/制程工程师,
850,219,351,信审核查,
851,1486,351,艺术/设计总监,
852,1508,350,薪资福利专员/助理,
853,929,347,数控编程,
854,1601,346,财务分析经理/主管,
855,704,345,市场调研与分析,
856,721,344,广告创意/设计主管/专员,
857,1837,341,首席运营官COO,
858,645,341,嵌入式硬件开发,
859,97,340,产品/品牌主管,
860,1373,339,绩效考核经理/主管,
861,148,339,企业策划人员,
862,807,337,成本经理/成本主管,
863,177,337,供应链管理,
864,2,336,4S店经理/维修站经理,
865,659,336,工程/设备经理,
866,1262,333,电子商务总监,
867,1713,332,针灸/推拿,
868,675,332,工艺设计,
869,1165,331,物流/仓储调度,
870,1847,330,高级业务跟单,
871,1372,330,绩效考核专员/助理,
872,1148,330,物业机电维修工,
873,90,330,互联网软件工程师,
874,521,329,外科医生,
875,5,329,CEO/总裁/总经理,
876,1580,328,证券分析师,
877,925,328,数据运营,
878,1276,327,电池/电源开发,
879,992,326,机械研发工程师,
880,377,326,医药学检验,
881,363,325,医疗器械注册,
882,260,324,公路/桥梁/港口/隧道工程,
883,1011,324,核保理赔,
884,341,324,化学实验室技术员/研究员,
885,1108,323,清洁工,
886,749,323,店面/陈列/展览设计,
887,824,322,房地产投资分析,
888,1040,322,汽车其他,
889,536,322,大学教师,
890,1527,321,行程管理/计调,
891,430,320,员工关系/企业文化/工会,
892,904,320,收银主管,
893,1593,320,调酒师/茶艺师/咖啡师,
894,822,320,房地产店长/经理,
895,660,318,工程总监,
896,1734,317,银行客户经理,
897,63,317,个人业务,
898,1146,317,物业招商管理,
899,1162,316,物料管理,
900,1323,316,移动通信工程师,
901,316,314,前台主管,
902,622,314,家政保洁其他,
903,400,313,厂长/副厂长,
904,347,313,化工研发工程师,
905,1169,312,物流仓储其他,
906,768,312,开发报建,
907,34,311,IT项目执行/协调人员,
908,1188,311,环境/健康/安全工程师,
909,781,310,微信推广,
910,518,308,外卖快递,
911,1159,307,物业设施管理人员,
912,23,307,IT|互联网|通信,
913,372,307,医疗管理,
914,472,307,园林景观设计师,
915,253,305,公关经理,
916,1572,304,设计管理人员,
917,533,303,大堂经理,
918,324,303,加油站工作员,
919,705,303,市场运营,
920,231,302,健身/美体/舞蹈教练,
921,397,302,印刷机械机长,
922,350,301,化验/检验科医师,
923,80,300,丽人健身,
924,845,299,打样/制版,
925,1483,298,艺人经纪人,
926,595,297,客户服务/续期管理,
927,1784,297,韩语/朝鲜语翻译,
928,1654,297,软装设计师,
929,1101,297,淘宝/微信运营专员/主管,
930,1088,296,洗衣工,
931,969,296,服装/纺织/皮革工艺师,
932,769,295,录入/校对,
933,559,295,媒介策划/管理,
934,1292,295,监控维护,
935,1599,294,财务其他,
936,1819,293,食品/饮料研发/检验,
937,1761,293,锅炉工,
938,1052,293,汽车检验/检测,
939,840,292,房地产项目配套工程师,
940,1331,290,空调工,
941,910,290,政府事务管理,
942,14,289,ERP技术开发,
943,1567,288,记者/采编,
944,267,286,其它,
945,947,286,旅游产品/线路策划,
946,322,286,办事处/分公司/分支机构经理,
947,957,285,日式厨师,
948,1639,285,车工,
949,39,284,SEO优化,
950,1396,283,网店推广,
951,420,283,合同管理,
952,1275,282,电气设计,
953,1194,282,环境监测工程师,
954,1015,281,楼层经理,
955,1076,280,法务助理,
956,618,280,家具设计,
957,1141,279,焊接工程师/技师,
958,511,279,培训策划,
959,1451,279,美术指导,
960,730,278,广告客户主管/专员,
961,887,278,招投标管理,
962,657,278,工程/设备主管,
963,491,277,在线销售,
964,15,276,FAE 现场应用工程师,
965,1522,275,行政主厨/厨师长,
966,242,275,党工团干事,
967,1226,275,生产跟单,
968,1516,274,融资经理/主管,
969,1498,274,药品注册,
970,1021,274,模特,
971,632,273,导游,
972,810,273,房产客服,
973,243,272,公交/地铁乘务,
974,1235,271,用户体验（UE/UX）设计,
975,1501,269,药库主任/药剂师,
976,338,268,化学分析,
977,7,267,CNC工程师,
978,1352,266,纸样师/车板工,
979,1511,264,薪酬福利专员/助理,
980,1536,264,装配工程师/技师,
981,825,262,房地产投资管理,
982,172,260,供应商/采购质量管理,
983,1120,260,游戏界面设计,
984,767,260,建筑项目助理,
985,861,259,投诉专员,
986,875,259,报关与报检,
987,111,259,产权/专利顾问,
988,1697,259,采购总监,
989,451,259,品类经理,
990,186,258,保健医生,
991,1313,258,硬装设计师,
992,561,258,媒介经理/主管,
993,1105,258,淘宝运营专员,
994,313,258,前厅部经理,
995,192,257,保安经理,
996,137,257,仪器/仪表/计量工程师,
997,895,257,排版设计,
998,884,256,招商主管,
999,134,256,代驾司机,
1000,1219,256,生产物料管理（PMC）,
1001,1303,256,石油/天然气技术人员,
1002,1267,255,电子软件开发(ARM/MCU...),
1003,13,252,ERP技术/开发应用,
1004,334,252,化妆品研发,
1005,1581,252,证券总监/部门经理,
1006,1350,252,系统管理员/网络管理员,
1007,876,251,报关员,
1008,1378,250,综合业务专员/助理,
1009,1629,249,资产/资金管理,
1010,1332,249,空调工/电梯工/锅炉工,
1011,485,248,图书管理员,
1012,1591,248,调酒师,
1013,1633,246,资金专员,
1014,1415,246,网络信息安全工程师,
1015,408,246,叉车/铲车工,
1016,358,246,医学化验/检验,
1017,548,245,奢侈品销售,
1018,809,244,房产内勤,
1019,1143,244,版图设计工程师,
1020,1191,244,环境/健康/安全经理/主管（EHS）,
1021,201,243,保险其他职位,
1022,169,243,体育运动教练,
1023,11,242,EHS管理,
1024,1198,242,环境评价工程师,
1025,368,241,医疗器械维修人员,
1026,637,236,射频工程师,
1027,603,235,客房服务员/楼面服务员,
1028,1307,235,研发工程师,
1029,1377,234,综合业务专员,
1030,1710,234,金融服务经理,
1031,1327,233,税务经理/主管,
1032,1515,232,融资总监,
1033,1344,232,系统分析员,
1034,1170,232,物流总监,
1035,92,231,交通其他,
1036,633,231,导游/旅行顾问,
1037,479,230,国内贸易人员,
1038,106,229,产品管理,
1039,492,229,地产店长/经理,
1040,326,228,动物育种/养殖,
1041,505,228,培训产品开发,
1042,924,228,数据库管理员,
1043,175,227,供应链主管/专员,
1044,1690,227,酒店店长,
1045,956,226,无线通信工程师,
1046,565,226,学术推广,
1047,1379,226,综合业务经理/主管,
1048,1702,225,采购经理/总监,
1049,1793,225,项目主管,
1050,1529,224,裁剪工,
1051,551,224,娱乐服务员,
1052,950,223,旅游计划调度,
1053,973,223,服装/纺织其他,
1054,30,223,IT计算机,
1055,47,222,万能工,
1056,207,222,保险客服,
1057,1514,221,融资专员/助理,
1058,646,221,嵌入式硬件开发(主板机…),
1059,1225,220,生产设备管理,
1060,1179,218,猎头顾问,
1061,1509,218,薪资福利经理/主管,
1062,72,218,临床数据分析员,
1063,718,218,广告/会展业务拓展,
1064,827,217,房地产资产管理,
1065,1496,217,药品市场推广经理,
1066,257,217,公司业务,
1067,1249,217,电子/电器工艺/制程工程师,
1068,437,216,咨询总监,
1069,1328,216,税务经理/税务主管,
1070,1548,216,视觉设计师,
1071,1589,214,调研员,
1072,926,213,数据通信工程师,
1073,790,213,总工程师/副总工程师,
1074,1776,213,零配件销售,
1075,266,212,其他语种翻译,
1076,28,212,IT技术文员/助理,
1077,42,212,UI设计,
1078,1841,212,驾校教练/陪练,
1079,441,210,咨询项目管理,
1080,249,209,公关专员,
1081,447,209,品牌策划,
1082,1387,209,编辑出版,
1083,484,208,国际贸易主管/专员,
1084,1069,207,汽车项目管理,
1085,1239,206,电信网络工程师,
1086,77,204,主持人/司仪,
1087,1768,204,陈列员,
1088,1404,204,网站策划,
1089,899,203,搓澡工,
1090,634,202,导游/票务,
1091,1072,202,法务专员,
1092,1321,202,科研管理人员,
1093,1030,199,水工/木工/油漆工,
1094,230,199,停车管理员,
1095,1355,198,纺织工,
1096,263,198,其他房产职位,
1097,605,198,客房部经理,
1098,375,197,医药化学分析,
1099,1063,197,汽车钣金,
1100,167,195,体育教师,
1101,1545,194,西餐厨师,
1102,954,194,无线/射频通信工程师,
1103,627,193,家电维修,
1104,1475,192,船舶乘务,
1105,806,192,成本经理/主管,
1106,1003,192,林业技术人员,
1107,1592,191,调酒师/侍酒师/吧台员,
1108,481,190,国际货运,
1109,974,190,服装/纺织品/皮革质量管理,
1110,770,190,形象设计师,
1111,1376,190,维修经理/主管,
1112,1034,189,水运/空运/陆运操作,
1113,386,189,医药项目管理,
1114,1512,188,薪酬福利经理/主管,
1115,1687,187,酒店/宾馆销售,
1116,1185,187,环保技术,
1117,1084,187,注塑工程师/技师,
1118,712,186,平面设计总监,
1119,1788,186,音效师,
1120,967,185,有线传输工程师,
1121,1149,185,物业租赁/销售,
1122,1134,184,灯光师,
1123,142,184,企业培训师/讲师,
1124,1773,182,集装箱业务,
1125,946,181,施工队长,
1126,1349,180,系统管理员,
1127,1201,179,珠宝销售顾问,
1128,1662,179,运输经理/主管,
1129,978,179,服装/纺织设计总监,
1130,531,179,多媒体设计,
1131,1672,178,通信项目管理,
1132,1727,177,银行会计/柜员,
1133,495,177,地质勘查/选矿/采矿,
1134,1462,177,股票交易员,
1135,136,176,仪器/仪表/计量分析师,
1136,1555,176,计算机硬件维护工程师,
1137,351,175,化验员,
1138,1528,175,行长/副行长,
1139,1410,175,网站运营总监/经理,
1140,1495,174,药品市场推广主管/专员,
1141,1166,174,物流/仓储项目管理,
1142,1251,174,电子/电器维修/保养,
1143,1121,174,游戏界面设计师,
1144,367,174,医疗器械维修/保养,
1145,762,174,建筑工程验收,
1146,1027,173,水利/港口工程技术,
1147,1067,173,汽车零部件设计师,
1148,1678,172,道路桥梁技术,
1149,135,172,仪器/仪表/计量,
1150,470,172,团购经理/主管,
1151,252,172,公关总监,
1152,594,171,客户总监,
1153,474,171,园艺师,
1154,1045,171,汽车喷漆,
1155,208,171,保险核保,
1156,1562,170,订票员,
1157,1023,170,橱柜设计师,
1158,1781,169,面料辅料采购,
1159,1190,169,环境/健康/安全经理/主管,
1160,927,169,数控操作,
1161,452,167,品质经理,
1162,291,167,分公司经理,
1163,579,166,宠物护理/兽医,
1164,25,166,IT技术/研发经理/主管,
1165,560,166,媒介经理,
1166,49,164,专业培训师,
1167,1058,164,汽车装配工艺工程师,
1168,797,164,总编/副总编,
1169,1061,163,汽车质量管理,
1170,1288,163,畜牧师,
1171,1007,163,校对/录入,
1172,150,162,会务/会展专员,
1173,1699,162,采购材料、设备质量管理,
1174,1839,162,驻唱/歌手,
1175,750,162,废气处理工程师,
1176,1735,161,银行柜员,
1177,140,160,仿真应用工程师,
1178,153,160,会务专员/助理,
1179,1096,160,测试员,
1180,643,160,岩土工程,
1181,578,159,实验室负责人/工程师,
1182,610,158,客服总监,
1183,238,157,儿科医生,
1184,1394,157,网店店铺管理员,
1185,1229,156,生产项目经理/主管,
1186,562,156,媒介销售,
1187,719,156,广告/会展项目管理,
1188,1173,155,物流销售,
1189,309,154,制造工程师,
1190,1574,154,证券/投资客户代表,
1191,1723,153,铣工,
1192,1081,152,法语翻译,
1193,1474,152,船员/水手,
1194,1236,151,用户体验（UE/UX）设计师,
1195,1464,151,能源/矿产项目管理,
1196,1494,150,药品市场推广专员/助理,
1197,1176,150,特教(特殊教育),
1198,1304,149,石油天然气技术人员,
1199,362,149,医疗器械推广,
1200,1322,148,移动互联网开发,
1201,1286,148,电路工程师/技术员(模拟/数字),
1202,1197,147,环境绿化,
1203,771,147,彩妆培训师,
1204,1051,146,汽车机械工程师,
1205,1853,146,高级管理其他,
1206,1025,146,氩弧焊工,
1207,421,145,合规主管/专员,
1208,1820,144,食品制作工,
1209,1779,144,面料辅料开发,
1210,1403,144,网站架构设计师,
1211,949,143,旅游其他,
1212,258,143,公司业务客户经理,
1213,554,142,婚礼/庆典策划服务,
1214,262,142,其他培训,
1215,65,142,个人业务部门经理/主管,
1216,1335,141,策略发展总监,
1217,619,141,家居用品设计,
1218,229,141,值班经理,
1219,1174,140,特效设计,
1220,1234,140,生鲜食品加工/处理,
1221,1253,140,电子/电器设备工程师,
1222,248,140,公关/媒介助理,
1223,671,140,工艺/珠宝设计,
1224,1341,140,管道/暖通,
1225,171,140,作家/编剧/撰稿人,
1226,1193,139,环境影响评价工程师,
1227,1564,139,认证工程师,
1228,1397,139,网店模特,
1229,706,139,市场通路专员,
1230,259,139,公司业务部门经理/主管,
1231,1577,138,证券/投资项目管理,
1232,475,137,固体污水废气处理,
1233,906,137,放射科医师,
1234,1738,137,铸造/锻造工程师/技师,
1235,604,137,客房管理,
1236,1729,136,银行大堂经理,
1237,24,136,IT技术/研发总监,
1238,1733,135,银行客户服务,
1239,223,135,信托服务,
1240,88,133,互联网其他,
1241,1630,133,资产评估,
1242,1643,133,车身设计工程师,
1243,109,132,产品规划工程师,
1244,1731,132,银行客户代表,
1245,575,131,安防系统工程师,
1246,299,130,列车乘务,
1247,1195,130,环境管理/保护,
1248,1228,130,生产项目工程师,
1249,1446,129,美容整形科医生,
1250,703,128,市场调研,
1251,1469,128,舞蹈演员,
1252,784,128,德语翻译,
1253,343,128,化学操作,
1254,1533,128,装订/烫金,
1255,327,127,动物营养/饲料研发,
1256,1318,126,社会工作者/社工,
1257,1586,126,语音/视频/图形开发工程师,
1258,216,125,保险项目经理/主管,
1259,1736,125,银行经理/主任,
1260,588,125,客户主管/专员,
1261,545,125,夹具工程师/技师,
1262,336,124,化妆师/造型师/服装/道具,
1263,1160,124,物业顾问,
1264,720,124,广告创意,
1265,1062,124,汽车质量管理/检验检测,
1266,598,124,客户服务总监,
1267,185,123,俄语翻译,
1268,1497,123,药品市场推广经理/主管,
1269,731,123,广告客户代表,
1270,1585,123,语音/视频/图形开发,
1271,382,122,医药质检,
1272,75,121,临时,
1273,1043,121,汽车动力系统工程师,
1274,1423,121,网络维修,
1275,1127,121,漆工,
1276,1658,120,运营专员,
1277,1055,120,汽车电工,
1278,1294,120,眼科医生/验光师,
1279,1405,119,网站维护工程师,
1280,733,119,广告客户总监/副总监,
1281,423,119,合规经理,
1282,577,118,实施工程师,
1283,558,118,媒介主管,
1284,723,117,广告创意/设计总监,
1285,19,116,IC验证工程师,
1286,724,116,广告创意/设计经理,
1287,295,116,切割技工,
1288,1220,115,生产研发其他,
1289,1050,115,汽车机构工程师,
1290,1110,115,清算人员,
1291,415,114,可靠度工程师,
1292,930,114,数码直印/菲林输出,
1293,1246,114,电声/音响工程师/技术员,
1294,1147,113,物业机电工程师,
1295,1780,113,面料辅料开发/采购,
1296,101,113,产品主管,
1297,1271,112,电气/电器工程师,
1298,17,112,Flash设计/开发,
1299,787,112,志愿者/社会工作者,
1300,1337,112,签证专员,
1301,880,111,拍卖/担保/典当业务,
1302,401,111,压熨工,
1303,1566,111,记者,
1304,286,111,出版/发行,
1305,1199,111,现场应用工程师（FAE）,
1306,467,110,喷塑工,
1307,1503,110,营业部大堂经理,
1308,425,110,吊车司机/卡车司机,
1309,1419,109,网络推广总监,
1310,677,109,工长,
1311,1314,109,磨工,
1312,178,108,供应链经理,
1313,532,107,大堂副理,
1314,18,107,Helpdesk,
1315,1175,107,特效设计师,
1316,1450,107,美术创意其他,
1317,446,107,品牌主管,
1318,1521,107,行政主厨,
1319,785,107,心理医生,
1320,1068,106,汽车零配件销售,
1321,1850,106,高级物业顾问/物业顾问,
1322,1244,106,电力线路工,
1323,725,106,广告创意/设计经理/主管,
1324,1573,106,证券/投资客户主管,
1325,1109,106,清洁服务人员,
1326,272,106,兼职店员,
1327,281,106,农林牧鱼其他,
1328,1319,105,票务,
1329,1684,104,配音员,
1330,1571,104,设计创作,
1331,1544,104,西班牙语翻译,
1332,1680,103,配置管理工程师,
1333,1575,102,证券/投资客户总监,
1334,152,102,会务/会展经理,
1335,1453,101,美术编辑,
1336,482,101,国际贸易专员,
1337,514,99,基金项目经理,
1338,170,99,作家/撰稿人,
1339,1048,99,汽车工程项目管理,
1340,1231,98,生态治理/规划,
1341,51,98,专柜彩妆顾问(BA),
1342,274,97,兽医,
1343,1129,96,演员/群众演员,
1344,623,96,家政服务/保姆,
1345,1703,96,野外拓展训练师,
1346,1333,95,空调工程/设计,
1347,801,95,情报信息分析人员,
1348,399,95,印花工,
1349,1374,94,续期管理,
1350,912,94,救生员,
1351,1711,94,金融租赁,
1352,1033,94,水质检测员,
1353,176,94,供应链总监,
1354,911,93,故障分析工程师,
1355,409,93,叉车司机,
1356,184,93,促销经理,
1357,251,93,公关主管,
1358,241,93,光源与照明工程,
1359,41,93,UE设计,
1360,574,92,安防工程师,
1361,1471,92,航空乘务,
1362,342,92,化学技术应用,
1363,1855,92,麻醉医生,
1364,879,92,担保业务,
1365,520,91,外汇交易,
1366,1438,91,美容助理,
1367,907,91,放映员,
1368,127,91,人力资源信息系统专员,
1369,1212,90,瓦工,
1370,388,90,医院护理其他,
1371,923,89,数据库管理/DBA,
1372,139,88,仪表工,
1373,1785,88,韩语翻译,
1374,515,88,塑料工程师,
1375,285,88,冲压工程师/技师,
1376,395,88,印刷排版/制版,
1377,673,87,工艺品/珠宝设计鉴定,
1378,1770,87,院长,
1379,1535,87,装配工程师/客户经理,
1380,199,87,保险产品开发/项目策划,
1381,31,86,IT质量管理工程师,
1382,1340,86,管家部经理/主管,
1383,1342,86,管道工,
1384,726,85,广告创意总监,
1385,141,85,企业/业务发展经理,
1386,1309,85,研究生,
1387,293,85,分销专员,
1388,996,84,机械设备经理,
1389,1803,84,预定员,
1390,318,84,前台迎宾,
1391,189,84,保姆/母婴护理,
1392,1100,84,涂料研发工程师,
1393,986,83,机器/仪器其他,
1394,179,83,供应链经理/主管,
1395,280,83,农业技术员,
1396,1634,83,资金经理/主管,
1397,103,83,产品工艺/规划工程师,
1398,1032,82,水泥工,
1399,1049,82,汽车底盘/总装工程师,
1400,915,82,教师,
1401,1014,82,楼宇自动化,
1402,1836,81,首席财务官CFO,
1403,738,81,广告美术指导,
1404,1240,81,电分操作员,
1405,81,80,乘务员,
1406,1465,80,脚本开发工程师,
1407,1338,80,签证业务办理,
1408,1631,80,资产评估/分析,
1409,244,80,公共区域经理,
1410,245,80,公共卫生/疾病控制,
1411,1762,79,锅炉工程师/技师,
1412,937,79,文档工程师,
1413,1671,79,通信研发工程师,
1414,410,78,发动机/总装工程师,
1415,1181,78,玩具设计,
1416,1835,77,首席财务官 CFO,
1417,1291,76,监察人员,
1418,866,76,投资者关系,
1419,1098,76,海关事务管理,
1420,1192,75,环境工程技术,
1421,1557,75,计算机辅助设计工程师,
1422,1517,75,融资经理/总监,
1423,1537,75,装配工艺工程师,
1424,672,74,工艺品/珠宝设计,
1425,212,74,保险精算师,
1426,1611,74,质检/安防其他,
1427,155,74,会务会展经理,
1428,1254,73,电子/电器项目管理,
1429,522,73,外籍教师,
1430,1006,73,标准化工程师,
1431,270,72,养殖部主管,
1432,1831,71,饲料销售,
1433,1258,71,电子元器件工程师,
1434,144,71,企业律师/合规顾问,
1435,707,71,市场通路经理/主管,
1436,276,71,内外饰工程师,
1437,537,71,大学教授,
1438,649,71,川湘菜厨师,
1439,868,70,投资银行财务分析,
1440,629,70,宾客服务经理,
1441,1659,70,运营主管,
1442,1830,70,饲料业务,
1443,894,70,挡车工,
1444,394,70,印刷工,
1445,1627,70,贸易其他,
1446,256,69,公务员/事业单位人员,
1447,156,69,会务经理/主管,
1448,1817,69,食品/饮料检验,
1449,348,68,化工项目管理,
1450,586,68,客户专员,
1451,971,68,服装/纺织/皮革项目管理,
1452,8,68,CTO/CIO,
1453,66,68,中专/职校生,
1454,239,67,光伏系统工程师,
1455,878,67,担保/拍卖/典当,
1456,1682,67,配色技术员,
1457,1183,67,环保/能源其他,
1458,1020,67,模拟电路设计/应用工程师,
1459,1017,66,楼面经理,
1460,626,66,家用电器/数码产品研发,
1461,1038,66,汽车/摩托车工程师,
1462,240,66,光源/照明工程师,
1463,143,65,企业律师/合规经理/主管,
1464,939,65,文编/组稿,
1465,892,65,按摩/足疗,
1466,732,64,广告客户总监,
1467,1245,63,电器研发工程师,
1468,1834,63,首席技术执行官CTO/首席信息官CIO,
1469,498,63,场长(农/林/牧/渔业),
1470,1046,61,汽车安全性能工程师,
1471,1675,61,造型师/服装师/道具师,
1472,1083,61,注塑工程师,
1473,1256,60,电子/电气其他,
1474,815,60,房产评估师,
1475,1717,60,钢筋工,
1476,1035,59,水运/陆运/空运销售,
1477,1670,59,通信电源工程师,
1478,414,59,变压器与磁电工程师,
1479,982,59,服装领班,
1480,477,58,固废处理工程师,
1481,1647,57,轨道交通工程师/技术员,
1482,782,57,微信运营专员,
1483,661,57,工程机械主管,
1484,1526,56,行李员,
1485,1299,55,短视频剪辑,
1486,1001,55,板房/底格出格师,
1487,1473,55,船员,
1488,624,55,家政服务/育婴,
1489,568,55,安全性能工程师,
1490,215,55,保险项目经理,
1491,1764,55,门卫,
1492,118,55,人事信息系统(HRIS)管理,
1493,1281,54,电脑维修,
1494,1856,54,麻醉师,
1495,1274,54,电气线路设计,
1496,1317,54,礼宾经理,
1497,679,53,市场/营销,
1498,487,53,土建勘察,
1499,381,52,医药研发/生产/注册,
1500,1728,52,银行卡/电子银行业务推广,
1501,32,52,IT质量管理经理/主管,
1502,296,52,切纸机操作工,
1503,151,51,会务/会展主管,
1504,869,51,折弯工,
1505,1238,50,电信交换工程师,
1506,546,50,契约管理,
1507,891,50,按摩,
1508,1070,50,油漆/化工涂料研发,
1509,740,50,底盘工程师,
1510,1482,50,艺人助理,
1511,729,49,广告客户主管,
1512,1742,49,销售人员,
1513,1590,48,调色员,
1514,1476,48,船舶工程师,
1515,284,47,冲压工,
1516,1029,47,水工,
1517,1534,46,装订工,
1518,93,46,交通管理员,
1519,33,46,IT项目总监,
1520,943,46,新能源电池工程师,
1521,133,46,代驾,
1522,544,46,夹具工程师,
1523,552,46,娱乐营销策划,
1524,1082,46,注塑工,
1525,1399,45,网店管理员,
1526,800,45,情报信息分析,
1527,791,45,总机员工,
1528,1829,45,饲养员,
1529,1613,45,质量工程师,
1530,898,45,插花设计师,
1531,255,45,公务员,
1532,325,45,动力总成工程师,
1533,1305,45,矿产勘探/地质勘测工程师,
1534,1383,44,绿化工,
1535,1354,44,纺织品设计师,
1536,1705,44,金融/证券/期货/投资,
1537,1196,43,环境管理/园林景区保护,
1538,903,43,收货员,
1539,796,43,总经理助理,
1540,1507,43,葡萄牙语翻译,
1541,1814,43,飞机设计与制造,
1542,1642,42,车身/造型设计,
1543,413,42,发行管理,
1544,476,42,固定资产会计,
1545,71,41,临床推广经理,
1546,734,40,广告客户总监/经理,
1547,1308,40,研发总监/部长/专家,
1548,1730,40,银行客户主管,
1549,1560,40,计量工程师,
1550,478,40,固废工程师,
1551,1484,40,艺人统筹,
1552,1488,39,艺术指导/舞美设计,
1553,332,39,包装工程师,
1554,573,39,安防主管,
1555,1543,39,西点师/面包糕点加工,
1556,449,39,品牌经理/主管,
1557,1362,39,经纪人助理,
1558,1751,38,销售管理,
1559,323,38,办事处首席代表,
1560,221,38,信息技术标准化工程师,
1561,620,38,家政人员,
1562,1269,38,电影营销经理,
1563,1558,37,计算机辅助设计师,
1564,1099,36,海外游计调,
1565,1468,36,舞台美术设计,
1566,628,36,宾客关系主任,
1567,1266,36,电子软件开发,
1568,1024,36,气动工程师,
1569,1791,36,音频/视频工程师/技术员,
1570,1732,36,银行客户总监,
1571,1478,35,船舶设计与制造,
1572,54,35,业务分析专员,
1573,469,35,团购业务经理,
1574,1357,35,线路结构设计,
1575,846,35,打稿机操作员,
1576,302,35,列车驾驶/操作,
1577,941,35,新能源电控工程师,
1578,29,34,IT文档工程师,
1579,1287,34,电镀工,
1580,953,34,无损检测工程师,
1581,798,34,总编/副总编/主编,
1582,1280,34,电脑放码员,
1583,858,34,技术文档工程师,
1584,1582,34,证券经理/总监,
1585,795,34,总经理,
1586,1132,34,火锅炒料,
1587,1846,34,高尔夫球助理,
1588,553,33,娱乐领班,
1589,581,33,宠物护理和美容,
1590,1118,33,游戏原画,
1591,665,33,工程设备管理,
1592,870,33,抛光工,
1593,1004,33,架线和管道工程技术,
1594,497,33,场长,
1595,803,33,意大利语翻译,
1596,1301,32,短视频编导,
1597,1712,32,金融财经,
1598,483,32,国际贸易主管,
1599,124,32,人力资源,
1600,662,32,工程机械经理,
1601,1243,31,电力系统研发工程师,
1602,402,31,压痕工,
1603,204,31,保险契约管理,
1604,40,31,SPA 技师,
1605,246,31,公共卫生/疾病监控,
1606,1530,30,裁床,
1607,516,30,增值产品开发工程师,
1608,310,30,前介工程师,
1609,89,29,互联网营销与管理,
1610,337,29,化学/化工技术总监,
1611,1681,29,配色工,
1612,1840,28,驾校教练,
1613,1302,28,短视频运营,
1614,1565,28,认证工程师/审核员,
1615,1552,28,视频剪辑师,
1616,728,28,广告咨询其他,
1617,1816,27,飞行器设计与制造,
1618,942,27,新能源电机工程师,
1619,519,27,外汇/基金/国债经理人,
1620,1431,27,美发/发型师,
1621,1139,27,烹饪营养,
1622,84,27,云贵菜厨师,
1623,416,27,台球教练,
1624,616,27,宴会管理,
1625,676,26,工装工程师,
1626,1698,26,采购材料/设备管理,
1627,303,26,创意指导/总监,
1628,1487,25,艺术指导/舞台美术设计,
1629,385,25,医药项目招投标管理,
1630,1343,25,粤港菜厨师,
1631,308,25,制药生物其他,
1632,1211,25,瑜伽老师,
1633,1242,25,电力电子研发工程师,
1634,1790,24,音频/视频工程师,
1635,1721,24,钻工,
1636,1674,24,造型师,
1637,776,24,影视表演,
1638,112,24,产科医生,
1639,1479,24,船舶驾驶/操作,
1640,340,23,化学制剂研发,
1641,1085,23,泰语翻译,
1642,1138,23,烫金工,
1643,1807,23,预订经理,
1644,1709,23,金融投资其他,
1645,1663,23,进出口/信用证结算,
1646,1644,23,车辆质量工程师,
1647,194,22,保镖,
1648,73,22,临床研究/协调,
1649,1041,22,汽车制造,
1650,1283,22,电话采编,
1651,1002,22,板房/楦头/底格出格师,
1652,1012,22,核力/火力工程师,
1653,817,22,房务部总监,
1654,1477,22,船舶维修/保养,
1655,1329,22,空乘人员,
1656,1293,22,眼科医生,
1657,1353,22,纸样师/车板师,
1658,1815,21,飞机驾驶/操作,
1659,1080,21,法律其他,
1660,1766,21,阿拉伯语翻译,
1661,268,21,典当业务,
1662,300,21,列车维修/保养,
1663,848,21,执行经纪人,
1664,1133,21,灯光/照明设计工程师,
1665,1812,21,飞机维修/保养,
1666,1289,20,瘦身顾问,
1667,352,20,化验师,
1668,641,20,小龙虾厨师,
1669,1722,20,铆工,
1670,688,20,市场公关其他,
1671,453,20,品酒师,
1672,411,20,发型助理/学徒,
1673,366,20,医疗器械研发/维修,
1674,1300,19,短视频策划,
1675,1583,19,语言学习,
1676,1163,19,物料经理,
1677,1137,19,烫工,
1678,1813,19,飞机维修机械师,
1679,1802,18,项目计划合约专员,
1680,1551,18,视频剪辑助理,
1681,909,18,放映经理/主管,
1682,1637,18,足疗,
1683,786,18,志愿者/义工,
1684,580,17,宠物护理/美容,
1685,1783,17,鞋子设计,
1686,1804,17,预定部主管,
1687,1142,17,熟食加工,
1688,1346,17,系统架构师,
1689,1459,17,考研/公务员培训讲师,
1690,1022,16,橡胶工程师,
1691,62,16,东北菜厨师,
1692,945,16,施工开料工,
1693,105,16,产品策划工程师,
1694,319,15,剪裁工,
1695,630,15,寻呼员/话务员,
1696,1763,15,镗工,
1697,387,15,医院/医疗/护理,
1698,1767,14,附件系统工程师,
1699,417,14,司仪,
1700,1692,14,采购,
1701,959,14,晒版员,
1702,1107,14,混凝土工,
1703,844,14,手缝工,
1704,398,14,印染工,
1705,1587,14,调墨技师,
1706,1774,13,集装箱操作,
1707,1489,13,节目编导,
1708,1053,13,汽车物流,
1709,1676,12,造纸研发,
1710,1739,12,销售,
1711,908,12,放映管理,
1712,644,12,岩土工程师,
1713,1669,12,通信标准化工程师,
1714,1036,12,江浙菜厨师,
1715,232,12,健身房服务,
1716,1481,12,船长/副船长,
1717,566,12,学术研究/科研,
1718,1458,11,翻译其他,
1719,808,11,户外/游戏教练,
1720,1777,11,需求分析师,
1721,931,11,整经工,
1722,1388,11,编辑出版其他,
1723,1334,11,空调维修,
1724,424,11,吊车司机,
1725,1845,11,高尔夫教练,
1726,1789,11,音效设计师,
1727,494,10,地质勘查,
1728,1539,10,裱胶工,
1729,1757,10,销售行政及商务,
1730,1842,10,驾驶教练,
1731,717,10,广告/会展/咨询,
1732,1089,10,洗衣房经理,
1733,783,10,微信运营主管,
1734,1852,10,高级管理,
1735,1811,10,飞机机长/副机长,
1736,881,10,拍卖师,
1737,1434,9,美发店长,
1738,1490,9,节目编导策划,
1739,655,9,工程/机械/能源,
1740,1436,9,美容/美发,
1741,195,9,保险,
1742,1200,8,珠宝/收藏品鉴定,
1743,301,8,列车设计与制造,
1744,1480,8,船长,
1745,21,8,IT-品管、技术支持及其它,
1746,1550,8,视频剪辑专员,
1747,606,8,客服,
1748,500,7,培训,
1749,1433,7,美发培训师,
1750,1771,7,集成电路/应用工程,
1751,897,7,控制保护研发工程师,
1752,1726,7,银行,
1753,918,7,教育培训,
1754,1356,7,纺织工/针织工,
1755,1725,7,铲车司机,
1756,640,7,小语种翻译,
1757,1556,7,计算机软件,
1758,1247,7,电子/电器/半导体/仪器仪表,
1759,1596,7,财务/审计/统计,
1760,774,7,影视制片人,
1761,10,7,DJ,
1762,79,7,主笔设计师,
1763,209,7,保险核安,
1764,1324,6,移民/留学咨询,
1765,517,6,复卷工,
1766,94,6,交通运输服务,
1767,1595,6,财务/审计/税务,
1768,422,6,合规管理,
1769,1775,6,集装箱维护,
1770,1715,6,针织工,
1771,1042,6,汽车制造/服务,
1772,1635,6,超市/百货/零售,
1773,1150,6,物业管理,
1774,16,6,FAE现场应用工程师,
1775,85,6,互联网/电子商务/网游,
1776,1553,5,计算机/互联网/通信,
1777,154,5,会务会展专员,
1778,1612,5,质量安全,
1779,1541,5,西北菜厨师,
1780,297,5,列车/地铁司机,
1781,955,5,无线电工程师,
1782,802,5,意大利菜厨师,
1783,113,5,京鲁菜厨师,
1784,1126,5,漂染工,
1785,751,5,建筑,
1786,1031,5,水族馆表演演员,
1787,1013,4,核力/火电工程师,
1788,198,4,保险产品开发,
1789,418,4,司机/交通服务,
1790,1626,4,贸易/采购,
1791,987,4,机场代表,
1792,264,4,其他招聘信息,
1793,114,4,人事/行政/后勤,
1794,1290,4,百货零售,
1795,961,4,普工/技工,
1796,621,4,家政保洁/安保,
1797,1833,4,首席技术官CTO,
1798,1213,4,生产/营运,
1799,678,4,市场/媒介/公关,
1800,1826,4,餐饮服务,
1801,164,4,传菜主管,
1802,1385,4,编辑/出版/印刷,
1803,1130,3,潜水员,
1804,1824,3,餐饮,
1805,1074,3,法务主管,
1806,991,3,机械机床,
1807,1554,3,计算机硬件,
1808,496,3,地铁轨道设计,
1809,1164,3,物流/仓储,
1810,1668,3,通信技术开发及应用,
1811,1838,3,驯兽师/助理驯兽师,
1812,1106,3,淘宝运营主管,
1813,433,3,咨询/顾问,
1814,882,3,拖压工,
1815,298,3,列车/地铁车长,
1816,823,3,房地产开发,
1817,877,2,抹灰工,
1818,778,2,律师/法务/合规,
1819,716,2,广告,
1820,236,2,储备干部/培训生/实习生,
1821,972,2,服装/纺织/食品,
1822,1656,2,运动健身,
1823,1093,2,浆纱工,
1824,305,2,刨工,
1825,1182,2,环保,
1826,1623,2,贸易,
1827,792,2,总机经理,
1828,1398,2,网店淘宝,
1829,1706,2,金融/银行/证券/投资,
1830,1255,2,电子/电气,
1831,480,2,国外求职,
1832,1457,2,翻译,
1833,490,2,在校学生,
1834,1370,2,统筹制片人,
1835,1437,1,美容保健,
1836,1232,1,生物/制药/医疗器械,
1837,279,1,农/林/牧/渔业,
1838,1519,1,行政/后勤,
1839,773,1,影视/娱乐/休闲,
1840,393,1,印刷包装,
1841,1066,1,汽车销售与服务,
1842,1079,1,法律,
1843,247,1,公关/媒介,
1844,847,1,执行制片人,
1845,1359,1,细纱工,
1846,22,1,IT-管理,
1847,138,1,仪器仪表工程师,
1848,756,1,建筑工程与装潢,
1849,1135,1,炼胶工,
1850,1610,1,质控/安防,
1851,1306,1,砌筑工,
1852,344,1,化工,
1853,1485,1,艺术/设计,
1854,1648,1,转播工程师,
1855,1310,1,硫化工,
1856,850,1,技工普工,
